sim_id,velocity_scale,pressure_scale,nNodes,ntsteps
h02_St04,0.5455631017684937,0.2517735585570336,95718,101
