sim_id,velocity_scale,force_scale,pressure_scale,pointMass_min,pointMass_max,max_coordinate,min_coordinate,nNodes,ntsteps
h02_St04,1.6170096499463773,0.0010247231629326677,1.6684879999999993,2.912864897286805e-06,1.5561310920029288e-05,21.0164,19.2997,1757,101
